Date,Open,High,Low,Close,Volume
2018-08-01,67167,72306,66887,70812,528159
2018-08-02,71278,71278,67821,69037,204663
2018-08-03,69503,70063,68288,68943,76194
2018-08-06,68942,69503,66794,67448,107353
2018-08-07,67541,69316,64084,68569,162689
2018-08-08,68755,71932,68475,69223,115551
2018-08-09,68288,68569,66794,68476,108645
2018-08-10,68475,69689,66980,68290,118876
2018-08-13,67821,67821,64458,64926,149966
2018-08-14,64271,66140,64271,64926,110796
2018-08-16,64365,65859,63337,65486,162654
2018-08-17,65486,68195,65393,67262,152343
2018-08-20,68102,68849,66887,67168,60567
2018-08-21,67634,69970,64365,68943,169294
2018-08-22,69316,70624,68755,68943,82990
2018-08-23,69409,70156,68475,69784,72386
2018-08-24,70063,72865,69223,71839,176210
2018-08-27,72772,73239,71932,71932,137640
2018-08-28,71932,72960,70531,70812,99151
2018-08-29,70810,72211,70810,71092,81705
2018-08-30,71091,72306,70437,70812,67568
2018-08-31,70997,76322,70904,74828,322760
2018-09-03,74828,75294,73800,74549,101003
2018-09-04,74547,78377,74547,77444,260021
2018-09-05,77817,78377,75482,76417,122678
2018-09-06,76416,77163,73987,75109,154601
2018-09-07,75108,76136,74361,74922,78828
2018-09-10,75668,75855,74361,75015,93098
2018-09-11,74267,76043,74174,74549,76749
2018-09-12,75201,77444,74828,76323,188105
2018-09-13,76696,77817,75948,77444,195501
2018-09-14,77537,77910,75855,76604,118667
2018-09-17,77350,78658,76696,77071,153954
2018-09-18,76043,77350,75762,77071,88584
2018-09-19,76136,76883,75108,76323,154521
2018-09-20,75668,78004,74267,74735,222177
2018-09-21,75294,75948,74454,75950,99153
2018-09-27,75575,76416,75015,75389,105831
2018-09-28,75575,75762,73800,74735,93446
2018-10-01,74267,74734,72865,73053,70475
2018-10-02,73053,73613,70343,70345,104974
2018-10-04,70343,72211,69316,70719,69425
2018-10-05,69596,71932,69223,69597,83130
2018-10-08,69035,70904,68755,69223,59572
2018-10-10,69223,70063,67354,67448,95607
2018-10-11,67448,67634,64365,64365,198736
2018-10-12,62870,68008,62870,68009,142215
2018-10-15,68195,68475,64925,65393,114713
2018-10-16,65393,67448,65393,66047,75911
2018-10-17,67261,67541,65486,66047,88151
2018-10-18,66326,66326,64365,64365,63685
2018-10-19,63524,65579,61936,65300,126711
2018-10-22,65859,65859,63897,65300,66652
2018-10-23,63150,64551,60814,61750,167926
2018-10-24,61842,62964,57919,58200,218658
2018-10-25,53061,59413,51379,58387,505004
2018-10-26,58946,59320,54649,55117,249788
2018-10-29,54929,56798,50819,51007,270484
2018-10-30,50445,52594,48203,52035,471821
2018-10-31,52500,52968,49324,49980,253633
2018-11-01,50258,54182,49978,51193,349876
2018-11-02,52407,53715,51660,53622,204885
2018-11-05,53622,54276,52781,53715,189525
2018-11-06,54462,54462,52314,53249,119180
2018-11-07,53528,53995,51940,52221,167012
2018-11-08,53341,53528,51847,51941,132097
2018-11-09,52314,52314,49324,50353,167930
2018-11-12,48484,48484,45213,45215,331232
2018-11-13,44093,47269,44093,46802,438177
2018-11-14,46802,49324,46101,47830,232014
2018-11-15,48857,49978,48016,49138,207271
2018-11-16,49511,61749,49511,59975,2042074
2018-11-19,60254,71932,58106,65019,2404342
2018-11-20,65486,68849,64084,64085,1032072
2018-11-21,62964,64551,60161,63057,852975
2018-11-22,63991,64178,60814,60816,347044
2018-11-23,60348,64739,60348,60442,724797
2018-11-26,60814,63711,60441,62404,446951
2018-11-27,64271,64551,61189,61283,446855
2018-11-28,62029,62776,60721,61096,265303
2018-11-29,63897,66140,60254,60442,612502
2018-11-30,61095,62217,60814,61843,221271
2018-12-03,63057,63243,61656,62124,240335
2018-12-04,61842,63243,61095,61563,235775
2018-12-05,60441,61095,59881,60349,182080
2018-12-06,60441,60721,57171,57172,194717
2018-12-07,57358,60441,57358,59227,236482
2018-12-10,58385,60628,57732,58948,211111
2018-12-11,57638,57732,54182,54276,528219
2018-12-12,54929,56611,54836,55958,197354
2018-12-13,56051,56051,54276,54837,214170
2018-12-14,54276,54929,52968,53622,181429
2018-12-17,55863,56330,52968,55584,314818
2018-12-18,55397,60254,54555,57733,429755
2018-12-19,58480,65205,58106,63432,919375
2018-12-20,62590,66513,62590,63899,765940
2018-12-21,64645,65766,63430,64085,296758
2018-12-24,63057,64084,61095,61189,469543
2018-12-26,59507,62776,59413,62778,851657
2018-12-27,65298,65298,58292,59134,751074
2018-12-28,59694,60721,58106,59321,211260
2019-01-02,60067,60348,56891,56893,207700
2019-01-03,55490,57732,55490,55678,181873
2019-01-04,55677,57919,55116,57920,289363
2019-01-07,60721,60721,57171,58013,269454
2019-01-08,58385,58385,56237,56798,148364
2019-01-09,57265,57638,55957,57079,138696
2019-01-10,57171,58106,56611,57079,132673
2019-01-11,57732,57732,56705,57452,93823
2019-01-14,57452,57452,56144,56238,143313
2019-01-15,56705,56891,55116,55304,187895
2019-01-16,55957,55957,53622,54464,186689
2019-01-17,54555,55490,53248,53249,189140
2019-01-18,53528,56051,53248,55865,259866
2019-01-21,56051,56051,54276,54837,120701
2019-01-22,55304,55677,54743,55397,94836
2019-01-23,54929,55490,54555,55211,67164
2019-01-24,55023,57171,54929,56798,213428
2019-01-25,57452,57452,56330,57172,139269
2019-01-28,58199,59413,57545,57826,186236
2019-01-29,57452,58106,56424,57452,101773
2019-01-30,57638,58666,57265,58200,115787
2019-01-31,58573,59320,58012,58761,168004
2019-02-01,59039,59134,58106,58200,88038
2019-02-07,58199,58760,57078,58294,87550
2019-02-08,57919,59134,57919,58106,81441
2019-02-11,58199,58946,58106,58667,93381
2019-02-12,58760,58946,57545,58294,87575
2019-02-13,58385,58760,57919,58480,80302
2019-02-14,58666,58760,57826,58480,79106
2019-02-15,58480,58946,57826,58106,76289
2019-02-18,58292,60254,58199,58854,160245
2019-02-19,58853,59600,58292,59227,120026
2019-02-20,59134,59320,58480,58480,79842
2019-02-21,58573,58853,56517,56986,156442
2019-02-22,57078,57265,56330,56612,107270
2019-02-25,55863,56798,55397,56051,127324
2019-02-26,56330,57732,56330,56519,112700
2019-02-27,57078,57171,56517,56705,47439
2019-02-28,56984,58292,55863,56612,215274
2019-03-04,57358,59413,57171,59321,267343
2019-03-05,59320,60628,58760,59695,168002
2019-03-06,60254,60441,57545,58200,190400
2019-03-07,58012,58480,56051,56893,119434
2019-03-08,56330,58199,56144,57640,118566
2019-03-11,56984,57826,56424,56986,73120
2019-03-12,57358,59600,57358,59508,275171
2019-03-13,59507,59881,58480,59321,97441
2019-03-14,59694,59787,57545,57546,142952
2019-03-15,57545,57732,56144,56519,155209
2019-03-18,56891,56984,56051,56332,89581
2019-03-19,56330,57171,56051,56144,118777
2019-03-20,56330,56611,55209,56238,101963
2019-03-21,56144,56424,55770,55958,75444
2019-03-22,56424,56424,55583,55678,67316
2019-03-25,55397,55583,54182,54276,100035
2019-03-26,53622,55023,52874,53622,122601
2019-03-27,53715,54089,51379,51381,199670
2019-03-28,50725,53061,50165,51100,142595
2019-03-29,51099,52221,50725,51754,96339
2019-04-01,51660,52500,51286,52221,74050
2019-04-02,52407,54182,52407,53622,127581
2019-04-03,53622,54369,52968,53996,82160
2019-04-04,53995,54369,53248,53715,52325
2019-04-05,53715,53995,53061,53436,40127
2019-04-08,53715,54276,53248,53996,54266
2019-04-09,54182,55116,53715,54650,149887
2019-04-10,54649,54743,53901,53996,126926
2019-04-11,54182,54649,54089,54464,58007
2019-04-12,54555,54743,53901,54557,52944
2019-04-15,54555,54649,53901,53903,65913
2019-04-16,53901,54649,53435,54464,61938
2019-04-17,54182,54649,53901,54089,41225
2019-04-18,54089,54089,52314,52502,87561
2019-04-19,52500,55677,52500,55211,225555
2019-04-22,55677,57171,55397,56238,204321
2019-04-23,56424,56798,55023,56238,117379
2019-04-24,56517,57078,55209,55678,86242
2019-04-25,56144,56237,54369,54743,74686
2019-04-26,54743,55397,54276,54650,63862
2019-04-29,55583,56330,54929,55865,79885
2019-04-30,55863,56424,54743,55491,65294
2019-05-02,55116,55490,54276,55397,66918
2019-05-03,55209,55397,54462,54557,47107
2019-05-07,54369,55770,53808,54930,80760
2019-05-08,54462,55490,53995,54183,57993
2019-05-09,54743,55116,52874,52875,125981
2019-05-10,52314,53435,50445,51381,121564
2019-05-13,50352,51753,49044,49045,104876
2019-05-14,47642,50165,47642,48858,93884
2019-05-15,49138,50819,49138,50820,72691
2019-05-16,50913,52033,50539,50539,77313
2019-05-17,52126,52221,50258,50353,60767
2019-05-20,50071,50632,48391,48765,80934
2019-05-21,46895,48110,46802,46990,185320
2019-05-22,47176,48484,47176,47830,85944
2019-05-23,47830,48296,46615,46802,82826
2019-05-24,46335,46988,45961,46709,105997
2019-05-27,46335,47269,44466,45682,114950
2019-05-28,45681,47736,45494,47737,120952
2019-05-29,47363,47736,46241,46663,76389
2019-05-30,47176,47269,45915,46663,67798
2019-05-31,46241,48016,46241,47737,83847
2019-06-03,47736,48296,46988,48111,52771
2019-06-04,47923,48484,47642,48111,59165
2019-06-05,48950,48950,47736,48204,54158
2019-06-07,49511,49511,48016,48111,43311
2019-06-10,48391,48391,47736,48298,34276
2019-06-11,48484,49231,48296,49138,81093
2019-06-12,48857,49324,48577,49231,41135
2019-06-13,49138,49511,48670,48952,126102
2019-06-14,49044,49044,47923,48111,39915
2019-06-17,47830,48577,47736,48298,36475
2019-06-18,48016,48857,47923,48017,53397
2019-06-19,48110,48857,48110,48298,44878
2019-06-20,48296,48764,48203,48578,44153
2019-06-21,48577,48857,47923,48111,44189
2019-06-24,48110,48296,47456,47457,30620
2019-06-25,47456,47923,46802,47363,53616
2019-06-26,46895,47642,46802,46990,48915
2019-06-27,46802,47363,45868,45962,111651
2019-06-28,46008,46381,44700,44887,164542
2019-07-01,45120,46101,44840,46055,121047
2019-07-02,46055,46148,44934,45028,64751
2019-07-03,45027,45401,44466,44794,80168
2019-07-04,44794,44934,42925,43767,110365
2019-07-05,43766,44840,43439,44841,67680
2019-07-08,44326,44933,43579,43626,59578
2019-07-09,43252,43859,38955,39656,330462
2019-07-10,39702,40964,39328,39563,128863
2019-07-11,39609,40776,39609,40450,75705
2019-07-12,40403,41150,40075,40124,67622
2019-07-15,40216,40403,38534,38816,86152
2019-07-16,38861,39656,38721,38816,105487
2019-07-17,39235,39235,37741,37974,123320
2019-07-18,37834,37834,36713,37181,131672
2019-07-19,36899,38160,36899,38022,106027
2019-07-22,38114,38814,37974,38162,59719
2019-07-23,37927,38581,37460,37741,48508
2019-07-24,38067,38160,37367,37367,53621
2019-07-25,37273,37787,36526,37181,83940
2019-07-26,37273,37881,36899,37508,118406
2019-07-29,37227,37367,35872,35873,101624
2019-07-30,35872,36245,34237,34238,319479
2019-07-31,33630,34517,31808,33537,327755
2019-08-01,33069,34424,32836,32837,145472
2019-08-02,31901,33303,31621,32229,208777
2019-08-05,31761,32182,28399,28399,444769
2019-08-06,26950,30267,26763,27885,575995
2019-08-07,28865,29379,28071,28727,233230
2019-08-08,29099,30033,29006,29988,150647
2019-08-09,30314,30594,29426,29847,163200
2019-08-12,29519,29846,28725,29287,129873
2019-08-13,29192,29613,28725,28867,140914
2019-08-14,29800,29893,28959,29053,135010
2019-08-16,28865,29192,28585,28773,107654
2019-08-19,29332,29332,28585,28820,83357
2019-08-20,28678,29660,28678,29567,91907
2019-08-21,29567,30547,29192,30174,150298
2019-08-22,30407,30594,29613,29660,107927
2019-08-23,29426,29660,29099,29193,79137
2019-08-26,28492,28632,27091,27091,238149
2019-08-27,27557,28492,27464,28166,250820
2019-08-28,28071,30547,27838,30361,241117
2019-08-29,30407,31201,29846,30782,230850
2019-08-30,31668,31715,30547,30921,140646
2019-09-02,30780,31341,30126,31109,125818
2019-09-03,31014,31715,30874,31202,100403
2019-09-04,30874,32275,30874,31529,114800
2019-09-05,32135,32182,31061,31156,134048
2019-09-06,31247,31482,30874,31482,53822
2019-09-09,31715,31761,30874,31156,74387
2019-09-10,30968,31435,30874,30968,54128
2019-09-11,31247,32135,31061,31529,161071
2019-09-16,31668,32929,31014,32837,170953
2019-09-17,32836,37087,32369,34892,490365
2019-09-18,34984,36385,34751,35079,233976
2019-09-19,35171,36012,34330,34658,165549
2019-09-20,34611,35685,34611,35499,120558
2019-09-23,36012,36059,34658,34939,151113
2019-09-24,34565,35358,33256,34565,112625
2019-09-25,34470,34984,33816,34332,116210
2019-09-26,34424,34984,33023,33631,155982
2019-09-27,33770,33816,32648,33444,123449
2019-09-30,33490,33537,32462,32743,95428
2019-10-01,33397,38908,32836,37601,1167348
2019-10-02,36713,38674,36432,36620,450353
2019-10-04,36666,37273,35638,35686,247449
2019-10-07,35826,39468,35638,38488,784153
2019-10-08,38628,38861,37180,37881,395366
2019-10-10,37693,38207,36899,36994,233652
2019-10-11,37227,37460,36339,36387,196501
2019-10-14,36946,37133,36152,36387,222433
2019-10-15,36385,37087,36339,36387,119444
2019-10-16,36759,38207,36759,37461,320196
2019-10-17,37646,38020,37039,37508,121963
2019-10-18,37693,37693,36526,36527,140672
2019-10-21,36573,36759,35919,36200,121029
2019-10-22,36526,38114,35966,37555,432342
2019-10-23,37787,39095,37787,38348,567620
2019-10-24,37367,38581,36480,38162,382953
2019-10-25,38207,38674,37460,37788,179178
2019-10-28,37646,38300,37553,37928,147146
2019-10-29,38300,38721,38067,38488,269605
2019-10-30,38861,38861,37646,37741,161088
2019-10-31,37787,38254,37367,37367,112923
2019-11-01,37367,38021,36946,37134,98429
2019-11-04,37553,38254,37413,38255,139589
2019-11-05,38254,38348,37553,38302,107142
2019-11-06,38581,38581,37741,37881,100762
2019-11-07,38768,39515,37320,37415,276480
2019-11-08,37553,37881,35778,36059,329007
2019-11-11,36339,36432,35171,36013,138540
2019-11-12,36059,36619,36059,36387,104595
2019-11-13,35966,36526,35405,35452,133134
2019-11-14,35638,36480,35591,36106,150417
2019-11-15,36526,36526,35826,36387,89019
2019-11-18,36619,36619,36105,36387,70577
2019-11-19,36339,36432,35638,36154,86945
2019-11-20,35966,36480,35685,36013,97889
2019-11-21,36059,36292,32696,34939,183546
2019-11-22,34611,35265,33770,34098,181730
2019-11-25,34051,35685,34051,34425,222069
2019-11-26,35731,36059,34565,34658,1574028
2019-11-27,35498,35591,34237,34892,237542
2019-11-28,34844,35265,33490,33537,162999
2019-11-29,33583,33910,32789,33117,116094
2019-12-02,33162,34470,33162,33678,86270
2019-12-03,33209,33630,32976,33304,80958
2019-12-04,33303,33676,32836,32976,99370
2019-12-05,33116,33583,33023,33117,113693
2019-12-06,33630,33630,32976,33164,84832
2019-12-09,33209,33209,32089,32183,122662
2019-12-10,32182,32696,32135,32697,64610
2019-12-11,32462,33116,32369,32743,102668
2019-12-12,32929,35124,32929,34612,280566
2019-12-13,34844,35872,34377,35032,184573
2019-12-16,35031,35077,34004,34144,139056
2019-12-17,34190,35405,34004,35405,167703
2019-12-18,35685,36012,35171,35405,112743
2019-12-19,35405,36245,35358,35966,173788
2019-12-20,36152,37881,36152,37367,358270
2019-12-23,37834,40310,37741,39470,556216
2019-12-24,40075,40450,39048,39703,337948
2019-12-26,40075,41478,40075,41478,586212
2019-12-27,41232,41674,39614,40056,484793
2019-12-30,40350,40350,38536,39027,310694
2020-01-02,39075,39369,37800,38929,220447
2020-01-03,39320,39516,38144,38193,208250
2020-01-06,37359,37751,36771,36820,187466
2020-01-07,36967,38536,36967,38242,226425
2020-01-08,37555,37947,36428,36428,245153
2020-01-09,37506,38046,37212,37605,129298
2020-01-10,37849,38046,37163,37703,141442
2020-01-13,38389,38928,38144,38144,164662
2020-01-14,38144,38634,37653,37752,140859
2020-01-15,37751,37898,37310,37311,88114
2020-01-16,37653,47508,37261,44518,8482779
2020-01-17,47312,48538,41919,42311,3924174
2020-01-20,42311,43144,40840,41086,854900
2020-01-21,41085,41723,39909,40203,527066
2020-01-22,39909,41674,39909,41380,545346
2020-01-23,41379,41527,40546,41135,283521
2020-01-28,39712,40497,39516,39517,316325
2020-01-29,40007,41674,39614,40694,409170
2020-01-30,41085,42556,40693,41037,631639
2020-01-31,41625,42654,40840,41135,491558
2020-02-03,40595,41478,39663,41135,312908
2020-02-04,41625,42017,40595,41037,339579
2020-02-05,41674,41723,40497,40890,204180
2020-02-06,41134,42850,41134,42508,605192
2020-02-07,42850,42850,41821,42262,254640
2020-02-10,42311,43635,41870,43243,407756
2020-02-11,43586,43929,42703,43145,353159
2020-02-12,43193,43390,42360,42900,198612
2020-02-13,43095,43880,42850,42949,491771
2020-02-14,42850,43341,42507,42998,243455
2020-02-17,43144,44762,43144,44224,741544
2020-02-18,43390,44174,43046,43292,421327
2020-02-19,43635,43831,42066,42262,259931
2020-02-20,42164,42899,41576,42753,248786
2020-02-21,41968,42605,41134,41135,239005
2020-02-24,39320,40546,38438,38781,378591
2020-02-25,38781,40252,38634,40007,298426
2020-02-26,39516,40791,38928,40301,261454
2020-02-27,40693,40889,38879,39174,214386
2020-02-28,39173,40399,38732,39125,347286
2020-03-02,39516,39811,37996,39811,245719
2020-03-03,40693,40693,39271,39272,186544
2020-03-04,38879,39909,38830,39713,124675
2020-03-05,40252,41870,39712,41331,314674
2020-03-06,40938,41478,40105,40497,195717
2020-03-09,39762,41379,39516,39517,287918
2020-03-10,38781,40203,38340,40056,255589
2020-03-11,40350,40448,38634,38781,203418
2020-03-12,38340,39418,37457,38781,465261
2020-03-13,37653,38732,34859,37016,536188
2020-03-16,37947,38928,35300,35300,296460
2020-03-17,33535,37016,33241,36379,394928
2020-03-18,36673,37261,33829,33830,270538
2020-03-19,35349,35790,29024,29466,598016
2020-03-20,30593,33633,30005,33437,442031
2020-03-23,31868,43439,31378,43292,5122043
2020-03-24,45792,56186,45694,56187,7439307
2020-03-25,60501,69228,57559,59128,8986276
2020-03-26,61481,74425,55598,63149,12294824
2020-03-27,65894,65894,59128,61089,1028948
2020-03-30,61089,66678,61089,65208,717750
2020-03-31,66776,78347,66776,78347,1382463
2020-04-01,73542,73542,64227,64227,881582
2020-04-02,59324,69522,56872,67365,823057
2020-04-03,69228,70600,65894,67463,499232
2020-04-06,69522,71091,65011,67659,1270285
2020-04-07,67659,67757,61971,65306,1145781
2020-04-08,64619,64619,62069,62560,610349
2020-04-09,63246,69522,62462,65012,1527290
2020-04-10,67561,68247,62854,65698,1001655
2020-04-13,65894,80406,64913,75210,9749122
2020-04-14,76974,77464,71091,73052,2892078
2020-04-16,71483,73836,70306,72170,875988
2020-04-17,72071,72561,68247,69522,1241374
2020-04-20,68737,75601,67364,70209,1484404
2020-04-21,69718,74327,67561,70895,1995966
2020-04-22,69522,72758,69424,71189,1071015
2020-04-23,72463,72561,70698,71189,535655
2020-04-24,71777,73248,70306,70993,921995
2020-04-27,72071,72169,70796,71189,427394
2020-04-28,70993,71483,69228,70013,468893
2020-04-29,70110,70502,68737,69228,377812
2020-05-04,69031,73542,68149,70503,1195607
2020-05-06,72365,72365,69620,70895,404911
2020-05-07,70698,71581,70404,70601,268126
2020-05-08,71287,72856,70600,71876,792786
2020-05-11,73444,73836,72071,73150,756171
2020-05-12,73346,82563,73150,75700,5418564
2020-05-13,76484,83348,76288,83348,4749161
2020-05-14,81975,83642,80406,82858,2236386
2020-05-15,83348,88545,80896,86094,3171485
2020-05-18,87662,90016,81877,82760,2172205
2020-05-19,82857,83740,78935,81975,1324032
2020-05-20,82759,84721,82465,82662,639880
2020-05-21,83152,84721,81975,84329,556903
2020-05-22,84819,85113,82956,84329,588067
2020-05-25,85407,86682,84230,86094,655193
2020-05-26,86780,88054,85505,86976,682185
2020-05-27,85309,85995,83250,83446,769919
2020-05-28,83740,85309,81387,84623,650519
2020-05-29,85309,89918,84721,89918,2146925
2020-06-01,88937,115118,88054,110804,9657621
2020-06-02,111686,114726,108941,111687,3183611
2020-06-03,119335,139730,117275,120610,9493647
2020-06-04,127964,131003,120903,128062,3524536
2020-06-05,125708,129729,124826,127964,1835501
2020-06-08,127179,128454,122668,124630,1460611
2020-06-09,124434,133553,121884,132965,3801235
2020-06-10,131396,133651,128552,131592,1786203
2020-06-11,135808,137867,129729,131102,2303195
2020-06-12,123551,136985,123061,132377,1994617
2020-06-15,133357,134533,118746,121885,1410873
2020-06-16,126493,141103,125512,138554,4017851
2020-06-17,138063,140221,131690,135416,1527846
2020-06-18,137083,138260,132964,133749,769206
2020-06-19,134631,140123,130219,134730,1206384
2020-06-22,134828,140123,133651,137868,1232018
2020-06-23,140711,141692,136200,136887,2194890
2020-06-24,137965,139240,133847,133946,974427
2020-06-25,131494,136789,131396,133651,662319
2020-06-26,134926,135220,129532,131004,485631
2020-06-29,131592,133161,126591,126591,582898
2020-06-30,128454,128454,120707,124434,932206
2020-07-01,125120,125316,114726,118649,712491
2020-07-02,118648,124139,118648,121394,545157
2020-07-03,122080,122178,116785,121492,491406
2020-07-06,121492,124041,120609,120708,335565
2020-07-07,120315,123747,119237,120708,410858
2020-07-08,123355,123453,120021,120806,253374
2020-07-09,123551,137279,123453,129729,2446718
2020-07-10,132670,133847,127473,131592,747495
2020-07-13,132376,134828,130317,133946,671957
2020-07-14,133945,135514,131396,132180,476621
2020-07-15,133455,133847,128552,130219,456041
2020-07-16,128748,131003,127473,129043,329167
2020-07-17,130905,132376,128160,131396,495234
2020-07-20,133357,133553,127179,127376,571258
2020-07-21,127767,129238,124728,125709,519250
2020-07-22,124728,125806,121198,125317,543819
2020-07-23,125316,125316,122668,123944,341107
2020-07-24,122767,131297,121786,124238,705967
2020-07-27,124237,124532,121590,121590,342763
2020-07-28,123551,123747,120609,120904,296015
2020-07-29,119727,120903,114530,115903,633157
2020-07-30,115903,127375,110804,115707,2171253
2020-07-31,115805,118942,115314,115413,326941
2020-08-03,113843,117373,110804,116001,541146
2020-08-04,116785,118648,115805,116295,306572
2020-08-05,116295,123551,116197,121786,883267
2020-08-06,123257,123257,119237,119531,387520
2020-08-07,120119,121492,118746,120021,426920
2020-08-10,121198,122178,117668,117962,470323
2020-08-11,118060,118844,116295,116589,312082
2020-08-12,116393,116491,111980,112079,389969
2020-08-13,113059,120511,113059,115021,839276
2020-08-14,115412,115706,109823,110510,380849
2020-08-18,110706,113157,105901,106980,367050
2020-08-19,110509,111294,106391,107568,241719
2020-08-20,107764,115314,106881,108941,806756
2020-08-21,110117,111000,103940,106686,356081
2020-08-24,107568,110608,105901,110020,290147
2020-08-25,110804,111294,108058,110412,197158
2020-08-26,112961,119138,111980,113844,859121
2020-08-27,114432,114432,109921,110412,335106
2020-08-28,111392,113255,110117,110804,267271
2020-08-31,110608,111392,107470,108941,306203
2020-09-01,107666,115706,107666,110706,400885
2020-09-02,110706,112667,109823,110706,187128
2020-09-03,111294,111392,109431,110020,199029
2020-09-04,106881,108352,106881,107666,219355
2020-09-07,107764,118452,106391,117178,1211377
2020-09-08,114432,121296,111588,118649,2004001
2020-09-09,122570,133455,114922,114923,3253953
2020-09-10,115608,124041,113353,121394,2045459
2020-09-11,119923,128454,116687,119335,1618979
2020-09-14,119531,119923,116785,116884,411268
2020-09-15,117275,119040,116491,116688,365712
2020-09-16,117471,121002,116393,116688,480271
2020-09-17,116883,118648,114922,114923,472075
2020-09-18,122080,124434,116295,117962,1155013
2020-09-21,116981,119040,113255,113648,379434
2020-09-22,112471,115510,107960,108353,486691
2020-09-23,109333,111000,102959,108059,442717
2020-09-24,105803,107372,99821,99822,475445
2020-09-25,100017,104920,99919,101293,626044
2020-09-28,116981,121100,106881,108059,1798944
2020-09-29,108941,112078,106391,111196,493960
2020-10-05,111392,111588,108450,110020,293715
2020-10-06,110117,114726,109529,111785,478890
2020-10-07,111784,112274,110804,111294,203123
2020-10-08,112078,114726,111098,111883,319374
2020-10-12,113451,114726,111490,114726,343587
2020-10-13,115020,115118,113059,113354,205512
2020-10-14,112373,112765,109529,109922,217371
2020-10-15,108842,110902,106587,106588,207501
2020-10-16,106685,108548,104920,106195,169294
2020-10-19,106195,109039,105901,105901,188931
2020-10-20,103940,105312,100704,103156,261443
2020-10-21,102273,104136,101096,103156,174284
2020-10-22,102077,103351,100017,100312,193403
2020-10-23,100508,102077,98547,100312,205658
2020-10-26,101979,106195,101096,101685,401530
2020-10-27,100998,104822,100508,103156,237878
2020-10-28,103842,106685,102861,106686,168082
2020-10-29,104920,112078,104920,111785,404389
2020-10-30,111784,111784,106685,106686,253134
2020-11-02,106979,109823,106783,108549,138093
2020-11-03,109921,112667,109431,111392,271322
2020-11-04,112765,114236,110215,112471,318226
2020-11-05,113353,113549,111686,112275,205082
2020-11-06,112863,115706,111784,111883,388449
2020-11-09,112373,114236,112373,112961,212246
2020-11-10,113941,114039,109627,110020,256449
2020-11-11,109529,128454,109529,126689,4417198
2020-11-12,124532,125414,120021,122375,1060582
2020-11-13,121394,123943,116589,120414,799310
2020-11-16,120413,122570,119237,119727,350731
2020-11-17,118942,125904,116883,122277,907640
2020-11-18,122668,124924,120511,122963,518020
2020-11-19,126199,130709,124532,126101,1179897
2020-11-20,126100,129434,125414,128356,599674
2020-11-23,130513,137769,129434,133063,1784965
2020-11-24,134337,135318,131199,134632,725233
2020-11-25,137769,174933,136691,168658,11489403
2020-11-26,174835,191995,165323,183366,10822941
2020-11-27,183170,185621,180522,185131,2409469
2020-11-30,185033,195525,185033,185621,836953
2020-12-01,188268,190033,183366,190034,486655
2020-12-02,194544,205919,191014,201016,901097
2020-12-03,196897,239846,196211,232394,5027374
2020-12-04,229452,239258,227687,233963,3052254
2020-12-07,235140,239062,213861,232198,3497202
2020-12-08,223569,229452,199055,200526,3008096
2020-12-09,201114,210429,190524,205625,2122535
2020-12-10,200526,224648,199741,221118,2589945
2020-12-11,224746,227393,217391,218078,1039226
2020-12-14,223863,233767,219254,227492,2243434
2020-12-15,231119,240239,217980,235336,3709700
2020-12-16,238277,238572,227687,228963,1514194
2020-12-17,224353,234845,223569,229453,1185680
2020-12-18,231904,239160,229256,237788,1721354
2020-12-21,240239,247887,235434,239258,2395452
2020-12-22,237983,239258,228766,229453,1175638
2020-12-23,234159,241709,228570,230629,2236508
2020-12-24,233178,239650,225922,235336,1600327
2020-12-28,240631,268871,237297,252300,5785386
2020-12-29,259800,261300,248000,250100,2567907
2020-12-30,248200,248200,234500,238600,1690965
2021-01-04,228000,230700,216200,218300,1724617
2021-01-05,219100,225900,213400,218400,960322
2021-01-06,218000,220400,214200,214200,567075
2021-01-07,215000,218700,210700,215700,635270
2021-01-08,217800,222400,212500,220900,880896
2021-01-11,225200,230000,217700,222400,1108586
2021-01-12,225900,229300,214800,224000,839203
2021-01-13,221700,239800,219000,229700,2150842
2021-01-14,216300,225000,206700,207100,1733651
2021-01-15,203000,203100,185700,187400,1784957
2021-01-18,185500,199800,170000,179500,1573778
2021-01-19,177200,183900,168800,181700,1367507
2021-01-20,183800,187600,180200,180800,544062
2021-01-21,181500,183000,177800,180600,439806
2021-01-22,181300,181500,177100,178000,342157
2021-01-25,179600,184300,178700,184300,355397
2021-01-26,189700,199800,186200,188000,965525
2021-01-27,191200,199100,185500,193700,784646
2021-01-28,188100,197800,185000,186600,620714
2021-01-29,186600,188700,175000,175000,489135
2021-02-01,176000,191500,176000,187300,960840
2021-02-02,189500,189500,179000,181000,418914
2021-02-03,182900,182900,175500,178300,373337
2021-02-04,177900,181200,174000,179000,305135
2021-02-05,181000,193000,179000,180500,1449047
2021-02-08,184000,184400,177200,177400,335460
2021-02-09,177800,178500,173000,173000,299704
2021-02-10,171500,174000,170200,172600,211703
2021-02-15,175100,176500,172600,172600,205481
2021-02-16,173400,173400,166700,166800,393154
2021-02-17,166800,171300,162100,167400,429598
2021-02-18,167400,170600,162700,162700,221480
2021-02-19,161500,165700,158600,162300,248949
2021-02-22,162700,164800,158300,158500,237744
2021-02-23,158500,159200,152200,152200,368693
2021-02-24,150000,156500,146500,146800,470275
2021-02-25,150100,162100,148900,161500,576631
2021-02-26,157400,158300,150000,153700,483586
2021-03-02,156400,160200,151400,154100,239730
2021-03-03,154200,159700,153100,158000,237875
2021-03-04,158800,162800,155500,161400,282322
2021-03-05,161100,161200,156000,157900,190808
2021-03-08,159700,159700,151500,152300,155497
2021-03-09,150600,152000,144400,147900,268016
2021-03-10,150500,151900,144000,144100,170033
2021-03-11,144800,149600,143600,147700,149736
2021-03-12,149600,152800,148200,151400,120194
2021-03-15,151400,151400,148300,148300,93764
2021-03-16,149300,153800,148200,152700,157392
2021-03-17,153000,153900,148900,150700,131273
2021-03-18,151300,154000,150200,150600,131271
2021-03-19,148500,149700,146800,148600,116944
2021-03-22,150100,151400,146500,148800,167565
2021-03-23,151000,155300,147400,147700,266734
2021-03-24,148000,150700,146900,149300,158735
2021-03-25,149300,150900,147700,150500,176169
2021-03-26,151700,153000,148100,151500,253603
2021-03-29,160000,160600,153600,153900,455519
2021-03-30,153900,153900,150400,150500,142304
2021-03-31,151600,153200,150000,150000,122066
2021-04-01,150000,152200,147800,150700,132879
2021-04-02,150600,151500,148200,149100,103198
2021-04-05,149200,149400,145300,145300,138443
2021-04-06,145300,146700,143000,143000,139756
2021-04-07,143100,145500,142700,142800,106308
2021-04-08,142800,144000,141000,143500,132208
2021-04-09,144500,146200,143700,143700,116166
2021-04-12,144200,146000,142800,146000,106314
2021-04-13,147600,156300,144600,154100,410784
2021-04-14,155600,158500,153400,156100,280264
2021-04-15,156400,158300,153500,155200,188143
2021-04-16,156200,156700,153700,156000,151511
2021-04-19,156100,161200,153800,160400,294881
2021-04-20,159800,160400,154200,154800,264457
2021-04-21,153000,154000,149100,149100,248052
2021-04-22,149500,150900,147200,147700,171152
2021-04-23,145300,149400,145300,147500,132141
2021-04-26,147500,147700,144700,145400,166589
2021-04-27,145300,145800,142000,142200,204910
2021-04-28,141500,145600,138100,138300,236148
2021-04-29,138400,142300,134500,136100,283305
2021-04-30,136200,137400,132200,133000,249984
2021-05-03,131900,134000,126200,126300,353259
2021-05-04,123900,131300,123600,130100,286301
2021-05-06,129100,130100,125800,127400,204887
2021-05-07,127400,133200,127400,131800,242147
2021-05-10,134900,138600,132900,138300,235800
2021-05-11,138300,138400,133700,135000,186321
2021-05-12,135000,138300,130100,130300,203341
2021-05-13,129000,132400,128200,129000,150602
2021-05-14,129000,133500,128000,132200,149408
2021-05-17,135800,139600,131700,132600,277989
2021-05-18,131000,134800,130000,134200,119874
2021-05-20,134500,135600,132300,135600,102602
2021-05-21,136000,138300,133600,133700,125153
2021-05-24,133700,133800,130800,130800,97245
2021-05-25,131900,137000,130000,136300,174560
2021-05-26,135500,136800,134000,134300,96691
2021-05-27,135000,135400,131500,133500,160663
2021-05-28,134200,139500,133100,138100,245666
2021-05-31,138500,140500,138300,139300,123793
2021-06-01,139600,140200,137800,139000,84983
2021-06-02,139900,139900,135400,136000,136868
2021-06-03,135600,137800,134600,136700,94700
2021-06-04,137900,138700,134200,137100,128124
2021-06-07,137200,138600,134600,135400,99510
2021-06-08,135500,141900,135500,141000,262004
2021-06-09,141300,142000,135000,135800,292524
2021-06-10,136700,139200,135300,137700,221213
2021-06-11,139000,141800,136800,138800,181280
2021-06-14,143300,159100,140200,156600,2171933
2021-06-15,157100,157200,149000,150300,688474
2021-06-16,150300,150400,146700,148100,253413
2021-06-17,148100,152000,148000,149500,275101
2021-06-18,149900,155400,149900,154700,449606
2021-06-21,154700,169400,153700,166700,1148470
2021-06-22,166600,168900,161500,166700,559195
2021-06-23,167800,179700,167700,170500,939335
2021-06-24,174600,176500,165500,170800,543719
2021-06-25,171200,172100,154100,155600,1068835
2021-06-28,158800,159900,155300,155500,477476
2021-06-29,155100,156800,153700,155100,231516
2021-06-30,155000,161500,154400,157200,337314
2021-07-01,158900,164300,156200,162700,339504
2021-07-02,162700,165500,161100,162700,208029
2021-07-05,163000,169500,163000,167900,407123
2021-07-06,167700,167700,163400,164800,208762
2021-07-07,166300,169000,164800,166400,223534
2021-07-08,167600,168400,160700,163000,317226
2021-07-09,161200,162400,157000,160600,292962
2021-07-12,163500,169500,162700,164000,341679
2021-07-13,165700,166300,161100,161400,256170
2021-07-14,161200,161200,155600,155600,409378
2021-07-15,155600,159300,155100,157300,290404
2021-07-16,156000,164500,153500,157700,651500
2021-07-19,158800,159500,151500,152400,319907
2021-07-20,154500,158000,152900,152900,433970
2021-07-21,154300,154400,148700,149000,275283
2021-07-22,150000,150100,147300,148300,171450
2021-07-23,147400,150200,147300,148000,138843
2021-07-26,148800,149000,145000,145700,148658
2021-07-27,146100,150900,144200,145200,211889
2021-07-28,145200,145800,142000,143900,144128
2021-07-29,143800,145300,143200,143600,88625
2021-07-30,144500,144500,138700,139000,225192
2021-08-02,138900,146000,138900,145700,243759
2021-08-03,145800,146700,143400,146000,120011
2021-08-04,146000,149900,145500,147200,165095
2021-08-05,147900,149400,145800,146200,115056
2021-08-06,147000,147600,144500,146400,120619
2021-08-09,145600,145600,141200,141300,204443
2021-08-10,141200,142800,140100,140200,169161
2021-08-11,141500,164500,141200,156200,3641738
2021-08-12,161000,166000,157000,161500,1383042
2021-08-13,163500,167700,159900,163500,971592
2021-08-17,161200,169500,161000,165000,815526
2021-08-18,166600,167900,159300,167300,615098
2021-08-19,166000,169500,161000,161600,506908
2021-08-20,163500,168300,159100,162000,685073
2021-08-23,163300,178700,163100,175300,1950907
2021-08-24,177200,177300,169500,172300,913867
2021-08-25,172200,172200,166000,171100,542915
2021-08-26,170700,174900,169100,169200,532140
